1,smithbetty@yahoo.com,478.6,pbkdf2:sha256:600000$7vkwX3K9$8f205f888148ca61b7e74678365d765b4f92041b5ef786ee93e76626788529ad,"Unit 0542 Box 1807, DPO AE 20118",Diana,Garcia,
2,georgemelissa@gmail.com,317.68,pbkdf2:sha256:600000$QK9xM2Jn$c6f7b2c94e5a8ea95db8d2a99167d4c234d9c987f4b1c7f2b6c3d4e5f6a7b8c9,"USS Lewis, FPO AE 71196",Ann,Mcdowell,
3,lutzkathleen@gregory.com,404.03,pbkdf2:sha256:600000$L8mPnR4v$d9e8f7a6b5c4d3e2f1g0h9i8j7k6l5m4n3o2p1q0r9s8t7u6v5w4x3y2z1,"0086 Bianca Trail Suite 886, East Marissafort, MI 89536",Eric,Poole,
4,nelsonjeffrey@johnson.info,904.73,pbkdf2:sha256:600000$T5vNqW8x$1a2b3c4d5e6f7g8h9i0j1k2l3m4n5o6p7q8r9s0t1u2v3w4x5y6z7a8b9c0,"89469 Cunningham Unions Suite 248, North Ashley, DC 01313",Brandon,Blackwell,
5,smithsophia@mccann-navarro.org,364.47,pbkdf2:sha256:600000$B2cHjM6y$f0e1d2c3b4a5968778695a4b3c2d1e0f9g8h7i6j5k4l3m2n1o0p9q8r7,"396 Green Manor, Port Jamesborough, AL 33757",Cindy,Gilbert,
6,russellnatasha@gmail.com,968.93,pbkdf2:sha256:600000$Z9xKpV4w$a9b8c7d6e5f4g3h2i1j0k9l8m7n6o5p4q3r2s1t0u9v8w7x6y5z4a3b2c1,"591 Michael Pass Suite 668, Sheltonburgh, VT 17249",Alexandra,Walker,
7,qgomez@thomas-lawrence.org,645.96,pbkdf2:sha256:600000$Y6uJnD3s$4d5e6f7g8h9i0j1k2l3m4n5o6p7q8r9s0t1u2v3w4x5y6z7a8b9c0d1e2,"0437 Joyce Island Suite 312, Jacquelineborough, AR 53145",Mariah,Conner,
8,andersonanthony@thompson.org,427.16,pbkdf2:sha256:600000$G4wFmS8t$7a8b9c0d1e2f3g4h5i6j7k8l9m0n1o2p3q4r5s6t7u8v9w0x1y2z3a4b5,"11565 Cheryl Inlet Apt. 531, South Amyburgh, HI 90753",Alyssa,Cole,
9,bperez@yahoo.com,162.09,pbkdf2:sha256:600000$Q1aXrE7h$c1d2e3f4g5h6i7j8k9l0m1n2o3p4q5r6s7t8u9v0w1x2y3z4a5b6c7d8e9,"63510 Anthony Rue, Williamview, OR 84829",David,Long,
10,melissamontgomery@davis.biz,713.12,scrypt:32768:8:1$ISxzzRweTqh13kf2$4bcfa1ca5225c9dc639bdee5f9c9200046d8d75c211e55fb5904392dbc9828e89f28463750464bc671a4fdf636599b0d0bfcf1e453bcb26782780adbd5402020,"3070 Robinson Roads Suite 975, Jonesland, AZ 85477",Teresa,Johnson,
